<?xml version="1.0" encoding="UTF-8"?>
<project-private xmlns="http://www.netbeans.org/ns/project-private/1">
    <editor-bookmarks xmlns="http://www.netbeans.org/ns/editor-bookmarks/2" lastBookmarkId="0"/>
    <open-files xmlns="http://www.netbeans.org/ns/projectui-open-files/2">
        <group>
            <file>file:/home/bli/NetBeansProjects/vehicles/src/vehicles/Car.java</file>
            <file>file:/home/bli/NetBeansProjects/vehicles/src/vehicles/Bus.java</file>
            <file>file:/home/bli/NetBeansProjects/vehicles/src/vehicles/Truck.java</file>
            <file>file:/home/bli/NetBeansProjects/vehicles/src/vehicles/Main.java</file>
            <file>file:/home/bli/NetBeansProjects/vehicles/src/vehicles/Vehicle.java</file>
            <file>file:/home/bli/NetBeansProjects/vehicles/src/vehicles/Database.java</file>
        </group>
    </open-files>
</project-private>
