<?xml version="1.0" encoding="UTF-8"?>
<project-private xmlns="http://www.netbeans.org/ns/project-private/1">
    <editor-bookmarks xmlns="http://www.netbeans.org/ns/editor-bookmarks/2" lastBookmarkId="0"/>
    <open-files xmlns="http://www.netbeans.org/ns/projectui-open-files/2">
        <group>
            <file>file:/home/bli/NetBeansProjects/Game/src/game/Defender.java</file>
            <file>file:/home/bli/NetBeansProjects/Game/src/game/RedDragon.java</file>
            <file>file:/home/bli/NetBeansProjects/Game/src/game/BlackDragon.java</file>
            <file>file:/home/bli/NetBeansProjects/Game/src/game/Character.java</file>
            <file>file:/home/bli/NetBeansProjects/Game/src/game/Fighter.java</file>
            <file>file:/home/bli/NetBeansProjects/Game/src/game/MainCharacter.java</file>
            <file>file:/home/bli/NetBeansProjects/Game/src/game/Dragon.java</file>
            <file>file:/home/bli/NetBeansProjects/Game/src/game/Berserker.java</file>
            <file>file:/home/bli/NetBeansProjects/Game/src/game/Game.java</file>
            <file>file:/home/bli/NetBeansProjects/Game/src/game/Orc.java</file>
        </group>
    </open-files>
</project-private>
